{
  "AppLanguage": "en",
  "BaseLayer": "osm",
  "CenterLat": 45.0,
  "CenterLon": 9.0,
  "DimMap": false,
  "DisplayUnits": "nautical",
  "EnableFilter": false,
  "EnableHighlightFilter": false,
  "FlagPath": "images/flags-tiny/",
  "HideAircraftsNotInView": true,
  "OnlineDatabaseUrl": "",
  "OverlayLayers": "",
  "PageName": "readsb radar",
  "ShowAdditionalData": true,
  "ShowAdditionalMaps": true,
  "ShowAircraftCountInTitle": true,
  "ShowAltitudeChart": true,
  "ShowChartBundleLayers": true,
  "ShowEULayers": true,
  "ShowFlags": true,
  "ShowHoverOverLabels": true,
  "ShowMessageRateInTitle": true,
  "ShowNightDayLayer": false,
  "ShowSite": true,
  "ShowSiteCircles": true,
  "ShowTraceDetails": false,
  "ShowUSLayers": true,
  "SiteCirclesDistances": "100,150,200",
  "SiteLat": 45.0,
  "SiteLon": 9.0,
  "UseDarkTheme": false,
  "ZoomLevel": 7
}
